Commune,Parcelles Brute,Parcelles Brute sans Doublons,Parcelles post traités (Lot 1 à 40),Parcelles OK pour post traitement,Parcelles Quarantaines
Netteboulou,3930,3341,1374,982,337
Missirah,4742,3076,1637,567,0
Gabou,1892,1548,1633,108,0
Ballou,1552,1418,982,279,0
Bandafassi,10973,3911,2301,673,0
Fongolembi,4761,1545,1562,30,0
DimbolI,6474,3268,2951,139,0
Bembou,5872,2070,1875,305,0
Moudery,1000,995,732,195,0
Dindefello,5706,1826,2102,45,0
Ndoga Babacar,4897,3136,1366,983,0
